"last_name, first_name","player_id","year","pa","bip","ba","est_ba","est_ba_minus_ba_diff","slg","est_slg","est_slg_minus_slg_diff","woba","est_woba","est_woba_minus_woba_diff","era","xera","era_minus_xera_diff"
"Webb, Logan","657277","2024","725","529",0.251,0.274,-0.02300000000000002,0.344,0.418,-0.07400000000000001,0.28,0.321,-0.04099999999999998,"3.24","4.26","-1.018"
"Lugo, Seth","607625","2024","703","505",0.232,0.249,-0.016999999999999987,0.361,0.409,-0.04799999999999999,0.284,0.311,-0.027000000000000024,"3.19","3.97","-0.778"
"Castillo, Luis","622491","2024","679","462",0.238,0.246,-0.008000000000000007,0.411,0.41,0.0010000000000000009,0.305,0.309,-0.0040000000000000036,"3.65","3.92","-0.273"
"Nola, Aaron","605400","2024","677","479",0.24,0.252,-0.01200000000000001,0.407,0.399,0.007999999999999952,0.302,0.307,-0.0050000000000000044,"3.30","3.86","-0.559"
"Berríos, José","621244","2024","674","485",0.239,0.275,-0.03600000000000003,0.414,0.465,-0.051000000000000045,0.313,0.347,-0.033999999999999975,"3.72","5.07","-1.346"
"Burnes, Corbin","669203","2024","672","480",0.231,0.235,-0.003999999999999976,0.361,0.378,-0.017000000000000015,0.28,0.288,-0.007999999999999952,"3.23","3.37","-0.139"
"Houck, Tanner","656557","2024","665","470",0.237,0.262,-0.025000000000000022,0.327,0.393,-0.066,0.28,0.315,-0.034999999999999976,"3.23","4.09","-0.857"
"Gilbert, Logan","669302","2024","661","455",0.199,0.228,-0.028999999999999998,0.342,0.373,-0.030999999999999972,0.252,0.278,-0.026000000000000023,"3.09","3.13","-0.037"
"Anderson, Tyler","542881","2024","660","471",0.224,0.244,-0.01999999999999999,0.38,0.414,-0.033999999999999975,0.298,0.319,-0.02100000000000002,"3.41","4.20","-0.789"
"Bassitt, Chris","605135","2024","659","440",0.265,0.253,0.01200000000000001,0.386,0.399,-0.013000000000000012,0.322,0.322,0,"4.27","4.29","-0.017"
"Keller, Mitch","656605","2024","650","456",0.25,0.242,0.008000000000000007,0.418,0.396,0.021999999999999964,0.315,0.309,0.006000000000000005,"3.84","3.92","-0.08"
"Ragans, Cole","666142","2024","645","400",0.22,0.226,-0.006000000000000005,0.348,0.356,-0.008000000000000007,0.282,0.289,-0.007000000000000006,"3.28","3.39","-0.109"
"Severino, Luis","622663","2024","644","448",0.243,0.247,-0.0040000000000000036,0.383,0.389,-0.006000000000000005,0.309,0.313,-0.0040000000000000036,"3.96","4.03","-0.072"
"Cease, Dylan","656302","2024","643","387",0.205,0.211,-0.006000000000000005,0.351,0.368,-0.017000000000000015,0.275,0.286,-0.010999999999999954,"3.57","3.32","0.246"
"Corbin, Patrick","571578","2024","642","478",0.299,0.305,-0.006000000000000005,0.487,0.485,0.0020000000000000018,0.358,0.366,-0.008000000000000007,"5.50","5.75","-0.252"
"Kirby, George","669923","2024","642","465",0.251,0.245,0.006000000000000005,0.393,0.412,-0.01899999999999996,0.29,0.296,-0.006000000000000005,"3.48","3.57","-0.094"
"Singer, Brady","663903","2024","641","444",0.252,0.264,-0.01200000000000001,0.395,0.425,-0.02999999999999997,0.309,0.325,-0.016000000000000014,"3.36","4.38","-1.02"
"Wheeler, Zack","554430","2024","639","410",0.198,0.207,-0.00899999999999998,0.338,0.348,-0.009999999999999953,0.265,0.274,-0.009000000000000008,"2.75","3.04","-0.295"
"Crawford, Kutter","676710","2024","637","446",0.22,0.224,-0.0040000000000000036,0.42,0.428,-0.008000000000000007,0.302,0.307,-0.0050000000000000044,"4.12","3.86","0.263"
"Pfaadt, Brandon","694297","2024","637","456",0.25,0.245,0.0050000000000000044,0.406,0.391,0.015000000000000013,0.3,0.294,0.006000000000000005,"4.31","3.52","0.786"
"Skubal, Tarik","669373","2024","636","402",0.203,0.214,-0.010999999999999982,0.318,0.339,-0.02100000000000002,0.252,0.265,-0.013000000000000012,"2.58","2.84","-0.258"
"Irvin, Jake","663623","2024","634","463",0.242,0.252,-0.010000000000000009,0.429,0.439,-0.010000000000000009,0.31,0.318,-0.008000000000000007,"3.80","4.17","-0.37"
"Gausman, Kevin","592332","2024","634","447",0.242,0.258,-0.016000000000000014,0.416,0.469,-0.05299999999999999,0.308,0.337,-0.029000000000000026,"4.10","4.75","-0.646"
"Sánchez, Cristopher","650911","2024","633","473",0.266,0.266,0,0.36,0.372,-0.01200000000000001,0.293,0.298,-0.0050000000000000044,"3.49","3.62","-0.127"
"King, Michael","650633","2024","632","393",0.22,0.224,-0.0040000000000000036,0.351,0.364,-0.013000000000000012,0.286,0.293,-0.007000000000000006,"3.05","3.49","-0.444"
"Cortes, Nestor","641482","2024","631","454",0.247,0.241,0.006000000000000005,0.425,0.416,0.009000000000000008,0.307,0.301,0.006000000000000005,"3.89","3.70","0.19"
"Mikolas, Miles","571945","2024","623","493",0.278,0.276,0.0020000000000000018,0.472,0.45,0.021999999999999964,0.332,0.326,0.006000000000000005,"5.23","4.41","0.822"
"Rodón, Carlos","607074","2024","621","404",0.242,0.231,0.010999999999999982,0.442,0.432,0.010000000000000009,0.325,0.318,0.007000000000000006,"4.30","4.17","0.135"
"Gore, MacKenzie","669022","2024","621","411",0.286,0.267,0.01899999999999996,0.425,0.398,0.02699999999999997,0.343,0.328,0.015000000000000013,"4.45","4.47","-0.024"
"Canning, Griffin","656288","2024","621","457",0.267,0.268,-0.0010000000000000009,0.457,0.454,0.0030000000000000027,0.34,0.341,-0.0010000000000000009,"5.19","4.88","0.308"
"Peralta, Freddy","642547","2024","617","380",0.22,0.224,-0.0040000000000000036,0.376,0.38,-0.0040000000000000036,0.299,0.304,-0.0050000000000000044,"3.70","3.78","-0.079"
"Fedde, Erick","607200","2024","616","438",0.229,0.242,-0.012999999999999984,0.382,0.404,-0.02200000000000002,0.293,0.308,-0.015000000000000013,"3.31","3.89","-0.575"
"Brown, Hunter","686613","2024","616","402",0.243,0.226,0.016999999999999987,0.364,0.338,0.025999999999999968,0.301,0.286,0.015000000000000013,"3.55","3.32","0.231"
"Kikuchi, Yusei","579328","2024","610","403",0.254,0.253,0.0010000000000000009,0.409,0.426,-0.017000000000000015,0.311,0.316,-0.0050000000000000044,"4.38","4.11","0.275"
"López, Pablo","641154","2024","610","407",0.242,0.234,0.00799999999999998,0.409,0.39,0.01899999999999996,0.303,0.294,0.009000000000000008,"4.26","3.52","0.737"
"Sale, Chris","519242","2024","608","371",0.218,0.215,0.0030000000000000027,0.319,0.315,0.0040000000000000036,0.26,0.259,0.0010000000000000009,"2.58","2.71","-0.133"
"Sears, JP","676664","2024","605","440",0.254,0.246,0.008000000000000007,0.438,0.442,-0.0040000000000000036,0.324,0.324,0,"4.36","4.35","0.005"
"Waldron, Matt","663362","2024","603","423",0.25,0.246,0.0040000000000000036,0.414,0.405,0.008999999999999952,0.315,0.312,0.0030000000000000027,"4.79","4.00","0.794"
"Quintana, Jose","500779","2024","602","431",0.244,0.266,-0.02200000000000002,0.429,0.435,-0.006000000000000005,0.327,0.341,-0.014000000000000012,"4.36","4.88","-0.519"
"Gibson, Kyle","502043","2024","599","411",0.26,0.272,-0.01200000000000001,0.427,0.443,-0.016000000000000014,0.33,0.346,-0.01599999999999996,"4.54","5.04","-0.497"
"Quantrill, Cal","615698","2024","597","426",0.265,0.272,-0.007000000000000006,0.452,0.432,0.020000000000000018,0.348,0.345,0.0030000000000000027,"4.63","5.01","-0.38"
"Gray, Sonny","543243","2024","597","379",0.229,0.245,-0.015999999999999986,0.412,0.421,-0.009000000000000008,0.297,0.309,-0.01200000000000001,"3.96","3.92","0.042"
"Flexen, Chris","623167","2024","595","444",0.279,0.26,0.019000000000000017,0.469,0.444,0.024999999999999967,0.351,0.337,0.013999999999999957,"5.29","4.75","0.543"
"Manaea, Sean","640455","2024","593","384",0.211,0.232,-0.02100000000000002,0.347,0.392,-0.04500000000000004,0.282,0.308,-0.026000000000000023,"3.51","3.89","-0.382"
"Bello, Brayan","678394","2024","592","401",0.258,0.254,0.0040000000000000036,0.417,0.404,0.012999999999999956,0.327,0.324,0.0030000000000000027,"4.66","4.35","0.314"
"Miller, Bryce","682243","2024","590","412",0.208,0.233,-0.025000000000000022,0.356,0.424,-0.068,0.266,0.302,-0.035999999999999976,"3.23","3.73","-0.504"
"Rea, Colin","607067","2024","589","433",0.235,0.272,-0.03700000000000003,0.41,0.463,-0.05300000000000005,0.304,0.341,-0.03700000000000003,"3.61","4.88","-1.267"
"Bibee, Tanner","676440","2024","587","391",0.235,0.241,-0.006000000000000005,0.412,0.401,0.010999999999999954,0.301,0.301,0,"3.65","3.70","-0.05"
"Abbott, Andrew","671096","2024","586","418",0.24,0.238,0.0020000000000000018,0.439,0.413,0.026000000000000023,0.323,0.314,0.009000000000000008,"3.72","4.06","-0.343"
"Civale, Aaron","650644","2024","585","407",0.256,0.252,0.0040000000000000036,0.439,0.404,0.034999999999999976,0.33,0.315,0.015000000000000013,"4.59","4.09","0.499"
"Morton, Charlie","450203","2024","583","374",0.251,0.246,0.0050000000000000044,0.433,0.422,0.01100000000000001,0.337,0.332,0.0050000000000000044,"4.26","4.59","-0.33"
"Greene, Hunter","668881","2024","583","349",0.185,0.189,-0.0040000000000000036,0.3,0.305,-0.0050000000000000044,0.265,0.271,-0.006000000000000005,"2.83","2.97","-0.144"
"Gomber, Austin","596295","2024","580","446",0.264,0.282,-0.01799999999999996,0.476,0.495,-0.019000000000000017,0.336,0.35,-0.013999999999999957,"4.70","5.18","-0.484"
"Blanco, Ronel","669854","2024","580","379",0.191,0.232,-0.04100000000000001,0.364,0.404,-0.040000000000000036,0.279,0.314,-0.034999999999999976,"3.14","4.06","-0.92"
"Heaney, Andrew","571760","2024","578","400",0.245,0.245,0,0.398,0.429,-0.030999999999999972,0.305,0.319,-0.014000000000000012,"3.95","4.20","-0.247"
"Wacha, Michael","608379","2024","575","411",0.249,0.265,-0.016000000000000014,0.396,0.429,-0.032999999999999974,0.304,0.323,-0.019000000000000017,"3.50","4.32","-0.824"
"Valdez, Framber","664285","2024","574","386",0.231,0.238,-0.0069999999999999785,0.335,0.351,-0.01599999999999996,0.279,0.291,-0.011999999999999955,"3.27","3.44","-0.175"
"Nelson, Ryne","669194","2024","572","425",0.271,0.272,-0.0010000000000000009,0.451,0.428,0.02300000000000002,0.326,0.32,0.006000000000000005,"4.22","4.23","-0.005"
"Stroman, Marcus","573186","2024","570","408",0.253,0.262,-0.009000000000000008,0.424,0.435,-0.01100000000000001,0.333,0.341,-0.008000000000000007,"3.88","4.88","-1.003"
"Imanaga, Shota","684007","2024","568","403",0.234,0.243,-0.00899999999999998,0.393,0.409,-0.01599999999999996,0.286,0.295,-0.009000000000000008,"3.08","3.55","-0.472"
"Ober, Bailey","641927","2024","566","379",0.213,0.223,-0.010000000000000009,0.398,0.395,0.0030000000000000027,0.287,0.294,-0.007000000000000006,"4.06","3.52","0.536"
"Eovaldi, Nathan","543135","2024","564","388",0.224,0.25,-0.025999999999999995,0.368,0.387,-0.019000000000000017,0.28,0.303,-0.022999999999999965,"3.60","3.75","-0.15"
"Eflin, Zach","621107","2024","562","432",0.257,0.241,0.016000000000000014,0.409,0.392,0.01699999999999996,0.296,0.284,0.01200000000000001,"3.72","3.27","0.454"
"Rogers, Trevor","669432","2024","562","405",0.285,0.277,0.007999999999999952,0.458,0.445,0.013000000000000012,0.35,0.349,0.0010000000000000009,"4.92","5.14","-0.218"
"Stone, Gavin","694813","2024","559","409",0.247,0.257,-0.010000000000000009,0.394,0.402,-0.008000000000000007,0.301,0.309,-0.008000000000000007,"3.33","3.92","-0.595"
"Feltner, Ryan","663372","2024","554","399",0.28,0.263,0.017000000000000015,0.437,0.431,0.006000000000000005,0.336,0.328,0.008000000000000007,"4.95","4.47","0.478"
"Fried, Max","608331","2024","553","376",0.231,0.247,-0.015999999999999986,0.309,0.358,-0.04899999999999999,0.273,0.297,-0.023999999999999966,"3.50","3.60","-0.099"
"Taillon, Jameson","592791","2024","552","421",0.258,0.26,-0.0020000000000000018,0.419,0.43,-0.01100000000000001,0.307,0.312,-0.0050000000000000044,"3.85","4.00","-0.152"
"Littell, Zack","641793","2024","551","403",0.278,0.268,0.010000000000000009,0.446,0.448,-0.0020000000000000018,0.331,0.326,0.0050000000000000044,"3.89","4.41","-0.523"
"Arrighetti, Spencer","681293","2024","539","325",0.241,0.222,0.01899999999999999,0.405,0.377,0.028000000000000025,0.322,0.305,0.017000000000000015,"4.63","3.81","0.823"
"Ryan, Joe","657746","2024","538","363",0.217,0.212,0.0050000000000000044,0.4,0.364,0.03600000000000003,0.282,0.268,0.013999999999999957,"3.60","2.90","0.7"
"Flaherty, Jack","656427","2024","537","340",0.221,0.23,-0.009000000000000008,0.387,0.379,0.008000000000000007,0.282,0.284,-0.0020000000000000018,"3.07","3.27","-0.203"
"Parker, Mitchell","680730","2024","534","390",0.255,0.259,-0.0040000000000000036,0.416,0.45,-0.03400000000000003,0.311,0.326,-0.015000000000000013,"4.26","4.41","-0.147"
"Steele, Justin","657006","2024","527","358",0.218,0.217,0.0010000000000000009,0.333,0.314,0.019000000000000017,0.268,0.262,0.006000000000000005,"3.09","2.77","0.324"
"Crochet, Garrett","676979","2024","526","310",0.219,0.205,0.014000000000000012,0.367,0.342,0.024999999999999967,0.279,0.264,0.015000000000000013,"3.64","2.81","0.827"
"Montas, Frankie","593423","2024","526","364",0.247,0.253,-0.006000000000000005,0.404,0.419,-0.014999999999999958,0.319,0.33,-0.01100000000000001,"4.64","4.53","0.107"
"Gil, Luis","661563","2024","524","306",0.185,0.203,-0.018000000000000016,0.325,0.346,-0.020999999999999963,0.282,0.297,-0.015000000000000013,"3.39","3.60","-0.207"
"Glasnow, Tyler","607192","2024","522","317",0.19,0.197,-0.007000000000000006,0.347,0.331,0.01599999999999996,0.258,0.255,0.0030000000000000027,"3.49","2.62","0.873"
"Lorenzen, Michael","547179","2024","519","363",0.221,0.247,-0.025999999999999995,0.38,0.421,-0.04099999999999998,0.308,0.333,-0.025000000000000022,"3.43","4.62","-1.191"
"Lively, Ben","594902","2024","519","372",0.233,0.238,-0.004999999999999977,0.423,0.404,0.01899999999999996,0.313,0.308,0.0050000000000000044,"3.62","3.89","-0.266"
"Assad, Javier","665871","2024","517","358",0.243,0.254,-0.01100000000000001,0.402,0.42,-0.01799999999999996,0.318,0.33,-0.01200000000000001,"3.15","4.53","-1.38"
"Harrison, Kyle","690986","2024","516","353",0.256,0.257,-0.0010000000000000009,0.423,0.44,-0.017000000000000015,0.324,0.338,-0.014000000000000012,"4.22","4.78","-0.564"
"Spence, Mitch","687765","2024","514","373",0.263,0.244,0.019000000000000017,0.437,0.399,0.03799999999999998,0.328,0.306,0.02200000000000002,"4.54","3.84","0.697"
"Suárez, Ranger","624133","2024","500","344",0.224,0.238,-0.013999999999999985,0.341,0.346,-0.004999999999999949,0.271,0.279,-0.008000000000000007,"2.82","3.15","-0.327"
"Lodolo, Nick","666157","2024","493","316",0.231,0.231,0,0.38,0.367,0.013000000000000012,0.309,0.304,0.0050000000000000044,"4.76","3.78","0.98"
"Rodriguez, Grayson","680570","2024","491","320",0.243,0.236,0.007000000000000006,0.405,0.4,0.0050000000000000044,0.31,0.304,0.006000000000000005,"3.86","3.78","0.077"
"Gallen, Zac","668678","2024","489","334",0.248,0.255,-0.007000000000000006,0.381,0.392,-0.01100000000000001,0.306,0.313,-0.007000000000000006,"3.65","4.03","-0.383"
"Woods Richardson, Simeon","680573","2024","487","344",0.228,0.241,-0.012999999999999984,0.365,0.414,-0.04899999999999999,0.287,0.314,-0.027000000000000024,"3.85","4.06","-0.214"
"Pérez, Martín","527048","2024","482","352",0.291,0.285,0.006000000000000005,0.478,0.489,-0.01100000000000001,0.36,0.361,-0.0010000000000000009,"4.60","5.56","-0.964"
"Hicks, Jordan","663855","2024","472","322",0.26,0.263,-0.0030000000000000027,0.405,0.434,-0.02899999999999997,0.331,0.343,-0.01200000000000001,"3.90","4.94","-1.035"
"López, Reynaldo","625643","2024","470","309",0.228,0.254,-0.025999999999999995,0.333,0.41,-0.07699999999999996,0.278,0.32,-0.04199999999999998,"2.02","4.23","-2.207"
"Soriano, José","667755","2024","468","316",0.224,0.244,-0.01999999999999999,0.329,0.375,-0.045999999999999985,0.287,0.316,-0.029000000000000026,"3.42","4.11","-0.685"
"Lynn, Lance","458681","2024","467","325",0.249,0.264,-0.015000000000000013,0.408,0.46,-0.052000000000000046,0.318,0.342,-0.02400000000000002,"4.06","4.91","-0.847"
"Falter, Bailey","663559","2024","461","349",0.26,0.279,-0.019000000000000017,0.415,0.477,-0.062,0.314,0.348,-0.033999999999999975,"4.25","5.11","-0.864"
"Pivetta, Nick","601713","2024","456","293",0.233,0.232,0.0010000000000000009,0.458,0.443,0.015000000000000013,0.312,0.307,0.0050000000000000044,"4.61","3.86","0.748"
"Irvin, Cole","608344","2024","455","354",0.291,0.296,-0.0050000000000000044,0.487,0.518,-0.031000000000000028,0.35,0.366,-0.016000000000000014,"4.79","5.75","-0.96"
"Montgomery, Jordan","656756","2024","453","344",0.313,0.293,0.020000000000000018,0.501,0.459,0.04199999999999998,0.374,0.353,0.02100000000000002,"6.16","5.28","0.881"
"Hendricks, Kyle","543294","2024","453","349",0.302,0.29,0.01200000000000001,0.488,0.459,0.02899999999999997,0.362,0.351,0.01100000000000001,"6.75","5.21","1.54"
"Carrasco, Carlos","471911","2024","447","320",0.276,0.261,0.015000000000000013,0.505,0.441,0.064,0.359,0.334,0.024999999999999967,"5.64","4.65","0.993"
"Marsh, Alec","679525","2024","446","311",0.249,0.268,-0.019000000000000017,0.428,0.463,-0.03500000000000003,0.32,0.343,-0.02300000000000002,"4.67","4.94","-0.27"
"Bradley, Taj","671737","2024","442","284",0.222,0.225,-0.0030000000000000027,0.396,0.42,-0.023999999999999966,0.297,0.311,-0.014000000000000012,"3.77","3.97","-0.197"
"Kremer, Dean","665152","2024","441","300",0.223,0.25,-0.026999999999999996,0.379,0.46,-0.08100000000000002,0.298,0.344,-0.045999999999999985,"4.31","4.97","-0.661"
"Myers, Tobias","668964","2024","440","313",0.233,0.253,-0.01999999999999999,0.382,0.432,-0.04999999999999999,0.294,0.32,-0.026000000000000023,"2.99","4.23","-1.239"
"Ortiz, Luis L.","682847","2024","440","317",0.222,0.239,-0.016999999999999987,0.376,0.428,-0.05199999999999999,0.289,0.318,-0.029000000000000026,"3.36","4.17","-0.806"
"Paxton, James","572020","2024","437","313",0.251,0.257,-0.006000000000000005,0.404,0.413,-0.008999999999999952,0.324,0.337,-0.013000000000000012,"4.39","4.75","-0.355"
"Maeda, Kenta","628317","2024","434","320",0.287,0.264,0.022999999999999965,0.504,0.443,0.061,0.359,0.33,0.02899999999999997,"6.14","4.53","1.61"
"Allen, Logan","671106","2024","432","308",0.295,0.28,0.014999999999999958,0.551,0.508,0.04300000000000004,0.39,0.37,0.020000000000000018,"5.73","5.90","-0.167"
"Suárez, Albert","544150","2024","431","312",0.247,0.248,-0.0010000000000000009,0.382,0.413,-0.030999999999999972,0.303,0.316,-0.013000000000000012,"3.18","4.11","-0.934"
"Wilson, Bryse","669060","2024","429","314",0.255,0.282,-0.02699999999999997,0.441,0.484,-0.04299999999999998,0.328,0.354,-0.025999999999999968,"4.19","5.31","-1.122"
"Martinez, Nick","607259","2024","428","327",0.254,0.251,0.0030000000000000027,0.405,0.374,0.031000000000000028,0.296,0.284,0.01200000000000001,"3.62","3.27","0.353"
"Olson, Reese","681857","2024","425","299",0.236,0.245,-0.009000000000000008,0.348,0.36,-0.01200000000000001,0.282,0.294,-0.01200000000000001,"3.23","3.52","-0.287"
"Pepiot, Ryan","686752","2024","425","274",0.207,0.223,-0.016000000000000014,0.364,0.392,-0.028000000000000025,0.285,0.302,-0.017000000000000015,"3.61","3.73","-0.119"
"Skenes, Paul","694973","2024","421","254",0.201,0.2,0.0010000000000000009,0.316,0.32,-0.0040000000000000036,0.255,0.257,-0.0020000000000000018,"2.23","2.66","-0.431"
"Gray, Jon","592351","2024","419","312",0.267,0.282,-0.014999999999999958,0.4,0.447,-0.046999999999999986,0.308,0.333,-0.025000000000000022,"4.32","4.62","-0.304"
"Estes, Joey","683155","2024","416","310",0.236,0.239,-0.0030000000000000027,0.44,0.447,-0.007000000000000006,0.311,0.317,-0.006000000000000005,"4.37","4.14","0.226"
"Ureña, José","570632","2024","409","309",0.251,0.257,-0.006000000000000005,0.398,0.417,-0.01899999999999996,0.311,0.322,-0.01100000000000001,"3.80","4.29","-0.486"
"Hudson, Dakota","641712","2024","404","300",0.286,0.292,-0.006000000000000005,0.436,0.457,-0.02100000000000002,0.36,0.371,-0.01100000000000001,"6.17","5.93","0.239"
"Pallante, Andre","669467","2024","390","285",0.246,0.238,0.008000000000000007,0.343,0.341,0.0020000000000000018,0.295,0.292,0.0030000000000000027,"3.80","3.47","0.331"
"Cannon, Jonathan","686563","2024","390","295",0.275,0.273,0.0020000000000000018,0.461,0.443,0.018000000000000016,0.341,0.336,0.0050000000000000044,"4.57","4.72","-0.154"
"Peterson, David","656849","2024","390","275",0.242,0.274,-0.03200000000000003,0.356,0.431,-0.07500000000000001,0.306,0.348,-0.04199999999999998,"2.83","5.11","-2.283"
"Jones, Jared","683003","2024","390","254",0.224,0.234,-0.010000000000000009,0.416,0.413,0.0030000000000000027,0.305,0.313,-0.008000000000000007,"3.88","4.03","-0.146"
"Paddack, Chris","663978","2024","384","283",0.283,0.275,0.007999999999999952,0.444,0.474,-0.02999999999999997,0.331,0.339,-0.008000000000000007,"4.99","4.81","0.182"
"Dunning, Dane","641540","2024","383","254",0.249,0.264,-0.015000000000000013,0.439,0.465,-0.026000000000000023,0.336,0.35,-0.013999999999999957,"5.05","5.18","-0.13"
"Vásquez, Randy","681190","2024","380","297",0.307,0.312,-0.0050000000000000044,0.477,0.491,-0.014000000000000012,0.36,0.368,-0.008000000000000007,"4.52","5.82","-1.303"
"Muñoz, Roddery","682610","2024","379","262",0.272,0.283,-0.010999999999999954,0.575,0.557,0.017999999999999905,0.393,0.396,-0.0030000000000000027,"6.53","6.95","-0.418"
"Freeland, Kyle","607536","2024","371","279",0.294,0.284,0.010000000000000009,0.49,0.463,0.02699999999999997,0.356,0.343,0.012999999999999956,"5.51","4.94","0.566"
"Alexander, Tyler","641302","2024","366","269",0.268,0.274,-0.006000000000000005,0.494,0.496,-0.0020000000000000018,0.344,0.352,-0.008000000000000007,"5.48","5.24","0.244"
"Criswell, Cooper","681867","2024","357","265",0.283,0.264,0.01899999999999996,0.44,0.406,0.033999999999999975,0.336,0.32,0.016000000000000014,"4.34","4.23","0.107"
"Schwellenbach, Spencer","680885","2024","355","230",0.227,0.221,0.006000000000000005,0.391,0.357,0.03400000000000003,0.289,0.274,0.014999999999999958,"3.72","3.04","0.684"
"Sandoval, Patrick","663776","2024","353","234",0.272,0.259,0.013000000000000012,0.401,0.395,0.006000000000000005,0.329,0.321,0.008000000000000007,"5.08","4.26","0.824"
"Ashcraft, Graham","668933","2024","350","260",0.282,0.281,0.0009999999999999454,0.434,0.445,-0.01100000000000001,0.342,0.348,-0.00599999999999995,"5.24","5.11","0.127"
"Fulmer, Carson","608334","2024","347","226",0.224,0.24,-0.015999999999999986,0.406,0.442,-0.035999999999999976,0.314,0.334,-0.020000000000000018,"4.14","4.65","-0.505"
"Mize, Casey","663554","2024","345","265",0.291,0.284,0.007000000000000006,0.416,0.428,-0.01200000000000001,0.325,0.328,-0.0030000000000000027,"4.23","4.47","-0.237"
"Stripling, Ross","548389","2024","344","280",0.299,0.289,0.010000000000000009,0.439,0.436,0.0030000000000000027,0.333,0.328,0.0050000000000000044,"5.38","4.47","0.907"
"McKenzie, Triston","663474","2024","340","215",0.24,0.244,-0.0040000000000000036,0.479,0.49,-0.01100000000000001,0.358,0.363,-0.0050000000000000044,"5.12","5.64","-0.525"
"Yarbrough, Ryan","642232","2024","335","247",0.21,0.251,-0.04100000000000001,0.347,0.408,-0.061,0.285,0.326,-0.041000000000000036,"3.54","4.41","-0.869"
"Woo, Bryan","693433","2024","334","254",0.193,0.208,-0.014999999999999986,0.28,0.304,-0.023999999999999966,0.221,0.238,-0.016999999999999987,"2.05","2.29","-0.237"
"Spiers, Carson","686730","2024","323","237",0.281,0.252,0.029000000000000026,0.51,0.439,0.07100000000000001,0.358,0.319,0.03899999999999998,"5.13","4.20","0.931"
"Soroka, Michael","647336","2024","321","205",0.237,0.253,-0.016000000000000014,0.441,0.426,0.015000000000000013,0.339,0.345,-0.00599999999999995,"5.23","5.01","0.216"
"Snell, Blake","605483","2024","321","178",0.183,0.186,-0.0030000000000000027,0.285,0.299,-0.014000000000000012,0.257,0.263,-0.006000000000000005,"3.76","2.79","0.969"
"Blackburn, Paul","621112","2024","316","233",0.262,0.269,-0.007000000000000006,0.441,0.441,0,0.328,0.331,-0.0030000000000000027,"4.66","4.56","0.099"
"Walker, Taijuan","592836","2024","315","231",0.31,0.286,0.02400000000000002,0.559,0.533,0.026000000000000023,0.397,0.381,0.016000000000000014,"6.50","6.33","0.165"
"Cecconi, Slade","677944","2024","314","234",0.278,0.252,0.026000000000000023,0.502,0.446,0.055999999999999994,0.348,0.322,0.025999999999999968,"6.14","4.29","1.846"
"Francis, Bowden","670102","2024","313","216",0.204,0.227,-0.02300000000000002,0.381,0.401,-0.020000000000000018,0.278,0.296,-0.01799999999999996,"3.66","3.57","0.091"
"Houser, Adrian","605288","2024","309","228",0.272,0.271,0.0010000000000000009,0.445,0.451,-0.006000000000000005,0.349,0.351,-0.0020000000000000018,"5.84","5.21","0.631"
"Cabrera, Edward","665795","2024","308","185",0.242,0.247,-0.0050000000000000044,0.438,0.439,-0.0010000000000000009,0.342,0.344,-0.0019999999999999463,"5.60","4.97","0.634"
"Law, Derek","571882","2024","308","227",0.252,0.263,-0.01100000000000001,0.365,0.378,-0.013000000000000012,0.288,0.303,-0.015000000000000013,"2.85","3.75","-0.895"
"Yamamoto, Yoshinobu","808967","2024","301","199",0.221,0.234,-0.013000000000000012,0.357,0.35,0.007000000000000006,0.271,0.282,-0.010999999999999954,"2.92","3.22","-0.301"
"Weathers, Ryan","677960","2024","298","203",0.228,0.243,-0.014999999999999986,0.371,0.408,-0.03699999999999998,0.294,0.314,-0.020000000000000018,"3.55","4.06","-0.511"
"Liberatore, Matthew","669461","2024","297","205",0.232,0.254,-0.021999999999999992,0.382,0.421,-0.03899999999999998,0.294,0.319,-0.025000000000000022,"4.19","4.20","-0.008"
"Avila, Pedro","658648","2024","297","189",0.227,0.258,-0.031,0.361,0.397,-0.03600000000000003,0.297,0.328,-0.031000000000000028,"3.99","4.47","-0.484"
"Blach, Ty","621389","2024","295","240",0.342,0.318,0.02400000000000002,0.569,0.56,0.008999999999999897,0.406,0.395,0.01100000000000001,"6.36","6.91","-0.549"
"Musgrove, Joe","605397","2024","295","204",0.268,0.274,-0.006000000000000005,0.438,0.458,-0.020000000000000018,0.337,0.349,-0.011999999999999955,"4.44","5.14","-0.703"
"Montero, Keider","672456","2024","292","207",0.264,0.28,-0.016000000000000014,0.468,0.447,0.02100000000000002,0.346,0.346,0,"5.17","5.04","0.127"
"Holton, Tyler","663947","2024","286","210",0.18,0.229,-0.049000000000000016,0.271,0.352,-0.08099999999999996,0.221,0.272,-0.05100000000000002,"2.38","2.99","-0.611"
"Herz, DJ","687792","2024","285","174",0.234,0.213,0.02100000000000002,0.398,0.362,0.03600000000000003,0.31,0.287,0.02300000000000002,"3.84","3.35","0.488"
"Tonkin, Michael","543859","2024","283","180",0.227,0.252,-0.024999999999999994,0.356,0.403,-0.04700000000000004,0.295,0.322,-0.027000000000000024,"3.68","4.29","-0.608"
"Weaver, Luke","596133","2024","283","178",0.183,0.221,-0.038000000000000006,0.355,0.396,-0.041000000000000036,0.268,0.305,-0.03699999999999998,"3.17","3.81","-0.641"
"Vodnik, Victor","680767","2024","282","193",0.262,0.258,0.0040000000000000036,0.375,0.426,-0.05099999999999999,0.318,0.336,-0.018000000000000016,"4.04","4.72","-0.684"
"Rodríguez, Yariel","684320","2024","282","181",0.236,0.237,-0.0010000000000000009,0.407,0.385,0.021999999999999964,0.323,0.316,0.007000000000000006,"4.82","4.11","0.711"
"Verlander, Justin","434378","2024","281","198",0.247,0.229,0.017999999999999988,0.427,0.411,0.016000000000000014,0.317,0.304,0.013000000000000012,"4.16","3.78","0.384"
"Abreu, Bryan","650556","2024","281","153",0.217,0.201,0.015999999999999986,0.34,0.333,0.007000000000000006,0.298,0.289,0.009000000000000008,"3.43","3.39","0.036"
"Lambert, Peter","663567","2024","280","198",0.302,0.269,0.032999999999999974,0.471,0.407,0.064,0.362,0.331,0.030999999999999972,"5.72","4.56","1.163"
"Richards, Trevor","670950","2024","277","177",0.188,0.207,-0.01899999999999999,0.308,0.341,-0.03300000000000003,0.273,0.297,-0.023999999999999966,"4.55","3.60","0.946"
"Detmers, Reid","672282","2024","277","178",0.269,0.226,0.04300000000000001,0.457,0.371,0.08600000000000002,0.346,0.302,0.043999999999999984,"6.14","3.73","2.413"
"Hjelle, Sean","663546","2024","276","200",0.264,0.252,0.01200000000000001,0.415,0.404,0.010999999999999954,0.307,0.298,0.009000000000000008,"4.03","3.62","0.41"
"Luzardo, Jesús","666200","2024","274","192",0.246,0.257,-0.01100000000000001,0.411,0.439,-0.028000000000000025,0.315,0.331,-0.016000000000000014,"5.00","4.56","0.435"
"Cronin, Declan","686539","2024","273","181",0.283,0.245,0.03799999999999998,0.348,0.354,-0.006000000000000005,0.313,0.299,0.014000000000000012,"4.64","3.65","0.995"
"Cole, Gerrit","543037","2024","270","176",0.253,0.244,0.009000000000000008,0.441,0.424,0.017000000000000015,0.332,0.321,0.01100000000000001,"3.86","4.26","-0.403"
"Walker, Ryan","676254","2024","269","156",0.189,0.203,-0.014000000000000012,0.27,0.309,-0.03899999999999998,0.238,0.258,-0.020000000000000018,"1.95","2.69","-0.743"
"Winckowski, Josh","670174","2024","266","199",0.275,0.276,-0.0010000000000000009,0.425,0.441,-0.016000000000000014,0.328,0.338,-0.010000000000000009,"4.37","4.78","-0.406"
"Buttó, José","676130","2024","266","157",0.167,0.202,-0.035,0.284,0.35,-0.066,0.265,0.305,-0.03999999999999998,"2.55","3.81","-1.258"
"Akin, Keegan","669211","2024","265","167",0.191,0.191,0,0.34,0.336,0.0040000000000000036,0.252,0.254,-0.0020000000000000018,"3.38","2.60","0.775"
"Wesneski, Hayden","669713","2024","263","182",0.221,0.244,-0.022999999999999993,0.4,0.446,-0.045999999999999985,0.301,0.327,-0.026000000000000023,"3.94","4.44","-0.499"
"Armstrong, Shawn","542888","2024","263","178",0.28,0.268,0.01200000000000001,0.435,0.446,-0.01100000000000001,0.338,0.339,-0.0010000000000000009,"4.85","4.81","0.044"
"Shuster, Jared","694363","2024","261","195",0.271,0.298,-0.02699999999999997,0.428,0.481,-0.05299999999999999,0.336,0.365,-0.02899999999999997,"4.76","5.71","-0.954"
"Beeks, Jalen","656222","2024","259","186",0.261,0.238,0.02300000000000002,0.374,0.386,-0.01200000000000001,0.307,0.301,0.006000000000000005,"4.25","3.70","0.547"
"Kinley, Tyler","641755","2024","259","167",0.257,0.263,-0.006000000000000005,0.478,0.45,0.02799999999999997,0.349,0.344,0.0050000000000000044,"6.40","4.97","1.429"
"Jarvis, Bryce","686826","2024","258","182",0.239,0.271,-0.03200000000000003,0.362,0.438,-0.07600000000000001,0.314,0.353,-0.03899999999999998,"3.19","5.28","-2.095"
"Banks, Tanner","621383","2024","254","170",0.245,0.234,0.010999999999999982,0.376,0.359,0.017000000000000015,0.292,0.288,0.0040000000000000036,"3.86","3.37","0.487"
"Wentz, Joey","666214","2024","254","164",0.273,0.237,0.03600000000000003,0.418,0.38,0.03799999999999998,0.338,0.312,0.026000000000000023,"5.37","4.00","1.367"
"Farmer, Buck","571656","2024","253","165",0.201,0.233,-0.032,0.352,0.395,-0.04300000000000004,0.281,0.311,-0.02999999999999997,"2.52","3.97","-1.448"
"Scott, Tayler","605463","2024","252","152",0.167,0.2,-0.033,0.282,0.292,-0.010000000000000009,0.251,0.271,-0.020000000000000018,"1.86","2.97","-1.113"
"Ross, Joe","605452","2024","252","182",0.252,0.253,-0.0010000000000000009,0.363,0.4,-0.03700000000000003,0.297,0.315,-0.018000000000000016,"4.19","4.09","0.1"
"Rogers, Tyler","643511","2024","251","196",0.261,0.245,0.016000000000000014,0.391,0.349,0.04200000000000004,0.291,0.271,0.019999999999999962,"3.12","2.97","0.145"
"Martinez, Justin","679885","2024","250","143",0.205,0.213,-0.008000000000000007,0.26,0.283,-0.022999999999999965,0.256,0.274,-0.018000000000000016,"2.10","3.04","-0.94"
"Mears, Nick","683232","2024","249","153",0.27,0.22,0.05000000000000002,0.41,0.363,0.046999999999999986,0.322,0.284,0.038000000000000034,"5.79","3.27","2.516"
"Hill, Tim","657612","2024","248","208",0.31,0.267,0.04299999999999998,0.367,0.335,0.03199999999999997,0.321,0.293,0.028000000000000025,"3.79","3.49","0.297"
"Schmidt, Clarke","657376","2024","247","154",0.224,0.231,-0.007000000000000006,0.356,0.37,-0.014000000000000012,0.293,0.304,-0.01100000000000001,"2.52","3.78","-1.258"
"Thornton, Trent","663423","2024","247","165",0.261,0.245,0.016000000000000014,0.45,0.386,0.064,0.33,0.305,0.025000000000000022,"4.22","3.81","0.413"
"Faedo, Alex","656412","2024","246","160",0.233,0.251,-0.017999999999999988,0.405,0.383,0.02200000000000002,0.321,0.322,-0.0010000000000000009,"3.61","4.29","-0.68"
"Strickland, Hunter","519326","2024","245","176",0.2,0.228,-0.027999999999999997,0.373,0.415,-0.04199999999999998,0.282,0.309,-0.027000000000000024,"3.67","3.92","-0.252"
"Povich, Cade","700249","2024","245","179",0.299,0.243,0.055999999999999994,0.509,0.42,0.08900000000000002,0.381,0.327,0.05399999999999999,"6.58","4.44","2.137"
"Smith, Cade","671922","2024","243","138",0.192,0.204,-0.011999999999999983,0.281,0.317,-0.035999999999999976,0.241,0.259,-0.018000000000000016,"2.00","2.71","-0.71"
"Vest, Will","676684","2024","243","171",0.255,0.268,-0.013000000000000012,0.333,0.379,-0.045999999999999985,0.281,0.311,-0.02999999999999997,"3.14","3.97","-0.83"
"Sands, Cole","663485","2024","243","163",0.218,0.234,-0.016000000000000014,0.32,0.402,-0.08200000000000002,0.252,0.291,-0.03899999999999998,"3.02","3.44","-0.423"
"Floro, Dylan","571670","2024","243","185",0.236,0.247,-0.01100000000000001,0.293,0.342,-0.049000000000000044,0.256,0.282,-0.025999999999999968,"2.63","3.22","-0.593"
"Lawrence, Justin","664875","2024","242","170",0.296,0.289,0.007000000000000006,0.448,0.437,0.01100000000000001,0.364,0.361,0.0030000000000000027,"5.87","5.56","0.31"
"Puk, A.J.","640462","2024","242","150",0.202,0.206,-0.003999999999999976,0.319,0.305,0.014000000000000012,0.272,0.27,0.0020000000000000018,"3.43","2.95","0.484"
"Cruz, Fernando","518585","2024","241","126",0.225,0.238,-0.012999999999999984,0.402,0.397,0.0050000000000000044,0.314,0.318,-0.0040000000000000036,"5.17","4.17","1.004"
"Leclerc, José","600917","2024","241","131",0.221,0.207,0.014000000000000012,0.363,0.35,0.013000000000000012,0.306,0.297,0.009000000000000008,"4.55","3.60","0.954"
"Robertson, David","502085","2024","240","130",0.208,0.215,-0.007000000000000006,0.283,0.328,-0.04500000000000004,0.256,0.276,-0.020000000000000018,"2.95","3.08","-0.132"
"Harris, Hogan","663687","2024","240","170",0.257,0.281,-0.02400000000000002,0.405,0.472,-0.06699999999999995,0.329,0.364,-0.034999999999999976,"2.88","5.67","-2.794"
"Contreras, Roansy","672710","2024","240","160",0.24,0.253,-0.013000000000000012,0.404,0.44,-0.035999999999999976,0.314,0.336,-0.02200000000000002,"4.04","4.72","-0.678"
"Ginkel, Kevin","656464","2024","240","162",0.233,0.232,0.0010000000000000009,0.332,0.341,-0.009000000000000008,0.267,0.271,-0.0040000000000000036,"2.55","2.97","-0.42"
"García, Luis","472610","2024","239","170",0.264,0.245,0.019000000000000017,0.432,0.404,0.02799999999999997,0.322,0.305,0.017000000000000015,"5.07","3.81","1.263"
"Winn, Keaton","676775","2024","238","165",0.268,0.276,-0.008000000000000007,0.493,0.492,0.0010000000000000009,0.353,0.362,-0.009000000000000008,"7.16","5.60","1.557"
"Matsui, Yuki","673513","2024","238","151",0.2,0.207,-0.0069999999999999785,0.357,0.326,0.030999999999999972,0.272,0.268,0.0040000000000000036,"3.38","2.90","0.475"
"Santana, Dennis","642701","2024","237","160",0.248,0.244,0.0040000000000000036,0.397,0.372,0.025000000000000022,0.311,0.301,0.010000000000000009,"4.68","3.70","0.982"
"Kopech, Michael","656629","2024","236","126",0.191,0.199,-0.008000000000000007,0.322,0.364,-0.04199999999999998,0.276,0.296,-0.019999999999999962,"3.79","3.57","0.219"
"Fernandez, Ryan","681676","2024","236","153",0.224,0.228,-0.0040000000000000036,0.328,0.34,-0.01200000000000001,0.287,0.307,-0.020000000000000018,"3.38","3.86","-0.485"
"Chavez, Jesse","445926","2024","236","167",0.254,0.266,-0.01200000000000001,0.441,0.427,0.014000000000000012,0.325,0.327,-0.0020000000000000018,"3.40","4.44","-1.045"
"Barnes, Jacob","606930","2024","235","172",0.242,0.266,-0.02400000000000002,0.391,0.436,-0.044999999999999984,0.289,0.321,-0.03200000000000003,"3.38","4.26","-0.885"
"Scott, Tanner","656945","2024","234","138",0.156,0.189,-0.033,0.221,0.28,-0.059000000000000025,0.229,0.264,-0.035,"1.54","2.81","-1.267"
"Miller, Erik","669062","2024","234","131",0.196,0.184,0.01200000000000001,0.347,0.307,0.03999999999999998,0.296,0.279,0.01699999999999996,"3.86","3.15","0.707"
"Stratton, Chris","608717","2024","233","158",0.232,0.251,-0.01899999999999999,0.387,0.398,-0.01100000000000001,0.316,0.34,-0.02400000000000002,"5.20","4.84","0.359"
"Williams, Gavin","668909","2024","233","151",0.256,0.255,0.0010000000000000009,0.425,0.405,0.019999999999999962,0.33,0.323,0.007000000000000006,"4.99","4.32","0.667"
"Morejon, Adrian","670970","2024","233","153",0.259,0.22,0.03900000000000001,0.401,0.337,0.064,0.308,0.274,0.033999999999999975,"2.96","3.04","-0.077"
"Pearson, Nate","663878","2024","232","146",0.259,0.235,0.02400000000000002,0.473,0.441,0.03199999999999997,0.34,0.328,0.01200000000000001,"4.89","4.47","0.424"
"Helsley, Ryan","664854","2024","232","148",0.22,0.221,-0.0010000000000000009,0.283,0.311,-0.028000000000000025,0.255,0.269,-0.014000000000000012,"2.38","2.92","-0.538"
"Barlow, Scott","605130","2024","231","131",0.221,0.233,-0.01200000000000001,0.354,0.369,-0.015000000000000013,0.307,0.318,-0.01100000000000001,"4.30","4.17","0.129"
"Kelly, Kevin","687330","2024","230","166",0.245,0.251,-0.006000000000000005,0.394,0.387,0.007000000000000006,0.29,0.291,-0.0010000000000000009,"3.30","3.44","-0.143"
"Buehler, Walker","621111","2024","230","169",0.301,0.279,0.021999999999999964,0.534,0.458,0.07600000000000001,0.383,0.349,0.03400000000000003,"5.88","5.14","0.738"
"Darvish, Yu","506433","2024","229","160",0.216,0.233,-0.017000000000000015,0.365,0.391,-0.026000000000000023,0.275,0.296,-0.020999999999999963,"3.19","3.57","-0.375"
"Hader, Josh","623352","2024","229","120",0.164,0.167,-0.0030000000000000027,0.319,0.329,-0.010000000000000009,0.248,0.252,-0.0040000000000000036,"3.19","2.56","0.625"
"Adam, Jason","592094","2024","229","137",0.165,0.207,-0.04199999999999998,0.277,0.353,-0.07599999999999996,0.227,0.279,-0.05200000000000002,"2.10","3.15","-1.05"
"Clase, Emmanuel","661403","2024","228","164",0.16,0.221,-0.061,0.202,0.311,-0.10899999999999999,0.176,0.248,-0.07200000000000001,"0.58","2.48","-1.902"
"Bido, Osvaldo","674370","2024","228","141",0.184,0.175,0.009000000000000008,0.265,0.26,0.0050000000000000044,0.26,0.254,0.006000000000000005,"3.21","2.60","0.614"
"Kittredge, Andrew","552640","2024","227","160",0.242,0.264,-0.02200000000000002,0.425,0.452,-0.027000000000000024,0.308,0.33,-0.02200000000000002,"3.25","4.53","-1.277"
"Holmes, Clay","605280","2024","226","147",0.249,0.214,0.035,0.327,0.306,0.02100000000000002,0.282,0.262,0.019999999999999962,"2.72","2.77","-0.053"
"Gaddis, Hunter","683769","2024","226","157",0.161,0.196,-0.035,0.28,0.343,-0.063,0.217,0.258,-0.04100000000000001,"1.62","2.69","-1.067"
"Elder, Bryce","693821","2024","226","161",0.311,0.286,0.025000000000000022,0.49,0.446,0.043999999999999984,0.37,0.344,0.026000000000000023,"6.52","4.97","1.553"
"Finnegan, Kyle","640448","2024","226","156",0.238,0.265,-0.027000000000000024,0.408,0.436,-0.028000000000000025,0.303,0.327,-0.02400000000000002,"3.52","4.44","-0.918"
"McArthur, James","663704","2024","225","167",0.286,0.269,0.01699999999999996,0.438,0.423,0.015000000000000013,0.328,0.317,0.01100000000000001,"4.36","4.14","0.22"
"Cabrera, Génesis","650893","2024","225","155",0.246,0.23,0.015999999999999986,0.4,0.358,0.04200000000000004,0.314,0.298,0.016000000000000014,"3.12","3.62","-0.505"
"Hoffman, Jeff","656546","2024","225","134",0.194,0.198,-0.0040000000000000036,0.32,0.335,-0.015000000000000013,0.251,0.259,-0.008000000000000007,"1.92","2.71","-0.793"
"Jax, Griffin","643377","2024","225","135",0.172,0.184,-0.01200000000000001,0.258,0.295,-0.03699999999999998,0.211,0.23,-0.019000000000000017,"1.70","2.14","-0.443"
"Williams, Trevor","592866","2024","224","161",0.221,0.228,-0.007000000000000006,0.299,0.361,-0.062,0.253,0.287,-0.033999999999999975,"2.22","3.35","-1.126"
"Faucher, Calvin","676534","2024","224","138",0.254,0.235,0.019000000000000017,0.349,0.34,0.008999999999999952,0.305,0.303,0.0020000000000000018,"3.38","3.75","-0.375"
"Anderson, Chase","502624","2024","224","167",0.231,0.246,-0.014999999999999986,0.417,0.441,-0.02400000000000002,0.312,0.332,-0.020000000000000018,"4.85","4.59","0.256"
"Alvarado, José","621237","2024","223","145",0.224,0.239,-0.014999999999999986,0.357,0.384,-0.027000000000000024,0.297,0.313,-0.016000000000000014,"4.30","4.03","0.269"
"Milner, Hoby","571948","2024","223","157",0.277,0.255,0.02200000000000002,0.426,0.361,0.065,0.318,0.285,0.03300000000000003,"4.92","3.30","1.625"
"Cleavinger, Garrett","664076","2024","222","129",0.212,0.226,-0.014000000000000012,0.286,0.353,-0.067,0.28,0.311,-0.030999999999999972,"2.77","3.97","-1.201"
"Thompson, Ryan","657044","2024","222","167",0.233,0.25,-0.016999999999999987,0.359,0.396,-0.03700000000000003,0.274,0.301,-0.02699999999999997,"2.44","3.70","-1.26"
"Meyer, Max","676974","2024","222","160",0.265,0.253,0.01200000000000001,0.535,0.471,0.06400000000000006,0.369,0.343,0.025999999999999968,"5.43","4.94","0.495"
"Brown, Ben","676962","2024","222","138",0.208,0.237,-0.028999999999999998,0.33,0.407,-0.07699999999999996,0.267,0.32,-0.05299999999999999,"3.58","4.23","-0.652"
"Turnbull, Spencer","605513","2024","222","139",0.188,0.233,-0.04500000000000001,0.325,0.39,-0.065,0.272,0.313,-0.04099999999999998,"2.65","4.03","-1.38"
"De Los Santos, Enyel","660853","2024","221","141",0.276,0.252,0.02400000000000002,0.563,0.483,0.07999999999999996,0.386,0.347,0.039000000000000035,"5.80","5.07","0.729"
"Smyly, Drew","592767","2024","220","151",0.228,0.23,-0.0020000000000000018,0.386,0.364,0.02200000000000002,0.298,0.291,0.007000000000000006,"2.90","3.44","-0.535"
"Molina, Anthony","683627","2024","220","167",0.303,0.307,-0.0040000000000000036,0.441,0.47,-0.02899999999999997,0.35,0.367,-0.017000000000000015,"6.20","5.78","0.423"
"Vesia, Alex","681911","2024","220","117",0.156,0.165,-0.009000000000000008,0.301,0.343,-0.04200000000000004,0.251,0.269,-0.018000000000000016,"1.81","2.92","-1.109"
"Maton, Phil","664208","2024","220","141",0.206,0.246,-0.04000000000000001,0.37,0.411,-0.04099999999999998,0.304,0.335,-0.031000000000000028,"3.76","4.68","-0.921"
"Jiménez, Joe","641729","2024","219","138",0.19,0.185,0.0050000000000000044,0.246,0.286,-0.03999999999999998,0.236,0.252,-0.016000000000000014,"2.83","2.56","0.273"
"Harvey, Hunter","640451","2024","219","143",0.259,0.279,-0.020000000000000018,0.442,0.454,-0.01200000000000001,0.332,0.345,-0.012999999999999956,"4.44","5.01","-0.569"
"Weissert, Greg","669711","2024","219","151",0.284,0.238,0.045999999999999985,0.438,0.365,0.07300000000000001,0.328,0.287,0.041000000000000036,"3.88","3.35","0.532"
"Chapman, Aroldis","547973","2024","218","99",0.184,0.162,0.021999999999999992,0.313,0.299,0.014000000000000012,0.291,0.28,0.010999999999999954,"3.55","3.18","0.373"
"Hudson, Bryan","663542","2024","217","139",0.141,0.204,-0.063,0.293,0.351,-0.057999999999999996,0.222,0.271,-0.049000000000000016,"1.84","2.97","-1.129"
"Cano, Yennier","666974","2024","217","142",0.245,0.236,0.009000000000000008,0.378,0.369,0.009000000000000008,0.306,0.299,0.007000000000000006,"2.75","3.65","-0.898"
"Smith, Burch","572143","2024","216","163",0.291,0.28,0.010999999999999954,0.442,0.476,-0.033999999999999975,0.333,0.343,-0.010000000000000009,"4.68","4.94","-0.26"
"Brebbia, John","605154","2024","216","138",0.265,0.272,-0.007000000000000006,0.459,0.451,0.008000000000000007,0.344,0.344,0,"6.29","4.97","1.318"
"Brieske, Beau","689225","2024","216","141",0.254,0.236,0.018000000000000016,0.389,0.37,0.019000000000000017,0.309,0.296,0.013000000000000012,"4.44","3.57","0.871"
"Birdsong, Hayden","806185","2024","215","122",0.223,0.224,-0.0010000000000000009,0.425,0.419,0.006000000000000005,0.336,0.334,0.0020000000000000018,"5.14","4.65","0.493"
"Zerpa, Angel","672582","2024","215","154",0.29,0.274,0.01599999999999996,0.435,0.449,-0.014000000000000012,0.342,0.342,0,"4.40","4.91","-0.506"
"Koenig, Jared","657649","2024","214","139",0.229,0.225,0.0040000000000000036,0.313,0.356,-0.04299999999999998,0.271,0.284,-0.012999999999999956,"2.34","3.27","-0.93"
"Suter, Brent","608718","2024","214","161",0.255,0.269,-0.014000000000000012,0.435,0.422,0.013000000000000012,0.313,0.316,-0.0030000000000000027,"3.68","4.11","-0.428"
"Doval, Camilo","666808","2024","214","120",0.242,0.194,0.04799999999999999,0.393,0.326,0.067,0.331,0.295,0.03600000000000003,"4.47","3.55","0.918"
"Kelly, Zack","677161","2024","214","134",0.184,0.219,-0.035,0.363,0.412,-0.04899999999999999,0.279,0.311,-0.03199999999999997,"2.58","3.97","-1.39"
"Bednar, David","670280","2024","214","143",0.258,0.244,0.014000000000000012,0.442,0.453,-0.01100000000000001,0.334,0.333,0.0010000000000000009,"6.32","4.62","1.699"
"Leiter Jr., Mark","643410","2024","213","122",0.236,0.225,0.010999999999999982,0.361,0.358,0.0030000000000000027,0.299,0.293,0.006000000000000005,"4.72","3.49","1.23"
"Ottavino, Adam","493603","2024","213","129",0.241,0.205,0.036000000000000004,0.369,0.325,0.043999999999999984,0.309,0.28,0.02899999999999997,"4.47","3.18","1.289"
"Herrin, Tim","682120","2024","213","134",0.168,0.23,-0.062,0.25,0.363,-0.11299999999999999,0.242,0.306,-0.064,"2.18","3.84","-1.66"
"Voth, Austin","608723","2024","212","144",0.194,0.214,-0.01999999999999999,0.362,0.358,0.0040000000000000036,0.268,0.275,-0.007000000000000006,"3.02","3.06","-0.041"
"Kerkering, Orion","689147","2024","211","132",0.228,0.22,0.008000000000000007,0.307,0.333,-0.026000000000000023,0.271,0.278,-0.007000000000000006,"2.25","3.13","-0.88"
"Romero, JoJo","668941","2024","211","149",0.223,0.264,-0.04100000000000001,0.363,0.446,-0.08300000000000002,0.283,0.331,-0.04800000000000004,"2.73","4.56","-1.826"
"Kolek, Stephen","663568","2024","211","156",0.303,0.284,0.019000000000000017,0.41,0.417,-0.007000000000000006,0.335,0.33,0.0050000000000000044,"5.21","4.53","0.677"
"Rodríguez, Randy","678495","2024","211","139",0.234,0.209,0.025000000000000022,0.372,0.352,0.020000000000000018,0.295,0.278,0.01699999999999996,"3.93","3.13","0.804"
"Stanek, Ryne","592773","2024","211","131",0.228,0.213,0.015000000000000013,0.391,0.372,0.019000000000000017,0.311,0.298,0.013000000000000012,"5.10","3.62","1.478"
"Nardi, Andrew","677053","2024","210","121",0.234,0.196,0.038000000000000006,0.426,0.325,0.10099999999999998,0.312,0.261,0.05099999999999999,"5.07","2.75","2.324"
"Holmes, Grant","656550","2024","210","146",0.246,0.241,0.0050000000000000044,0.359,0.393,-0.03400000000000003,0.281,0.292,-0.010999999999999954,"3.48","3.47","0.014"
"Moore, Matt","519043","2024","210","141",0.218,0.224,-0.006000000000000005,0.436,0.425,0.01100000000000001,0.329,0.326,0.0030000000000000027,"5.03","4.41","0.618"
"Baumann, Mike","657508","2024","210","145",0.262,0.244,0.018000000000000016,0.47,0.422,0.04799999999999999,0.347,0.329,0.01799999999999996,"5.01","4.50","0.514"
"Domínguez, Seranthony","622554","2024","210","135",0.208,0.205,0.0030000000000000027,0.411,0.383,0.02799999999999997,0.298,0.286,0.01200000000000001,"4.14","3.32","0.82"
"Pressly, Ryan","519151","2024","209","140",0.267,0.245,0.02200000000000002,0.396,0.4,-0.0040000000000000036,0.317,0.311,0.006000000000000005,"3.78","3.97","-0.194"
"Nicolas, Kyle","693312","2024","209","130",0.235,0.218,0.016999999999999987,0.302,0.321,-0.019000000000000017,0.29,0.293,-0.0030000000000000027,"3.38","3.49","-0.115"
"Chafin, Andrew","605177","2024","209","120",0.243,0.215,0.027999999999999997,0.354,0.355,-0.0010000000000000009,0.297,0.287,0.010000000000000009,"3.40","3.35","0.049"
"Rogers, Taylor","573124","2024","209","132",0.242,0.213,0.028999999999999998,0.405,0.348,0.05700000000000005,0.31,0.279,0.030999999999999972,"2.46","3.15","-0.695"
"Erceg, Lucas","668674","2024","209","132",0.217,0.229,-0.01200000000000001,0.317,0.363,-0.045999999999999985,0.27,0.291,-0.020999999999999963,"3.40","3.44","-0.043"
"Megill, Tylor","656731","2024","209","128",0.246,0.235,0.01100000000000001,0.415,0.411,0.0040000000000000036,0.33,0.324,0.006000000000000005,"5.17","4.35","0.82"
"Peguero, Elvis","665625","2024","208","139",0.258,0.252,0.006000000000000005,0.363,0.366,-0.0030000000000000027,0.315,0.314,0.0010000000000000009,"3.00","4.06","-1.06"
"Ramírez, Yohan","670990","2024","208","134",0.28,0.255,0.025000000000000022,0.423,0.393,0.02999999999999997,0.351,0.331,0.019999999999999962,"6.20","4.56","1.64"
"Martinez, Seth","661527","2024","208","153",0.231,0.241,-0.009999999999999981,0.403,0.374,0.029000000000000026,0.31,0.305,0.0050000000000000044,"3.04","3.81","-0.77"
"Garcia, Robert","676395","2024","208","129",0.254,0.21,0.04400000000000001,0.354,0.306,0.04799999999999999,0.294,0.26,0.033999999999999975,"4.72","2.73","1.99"
"Bummer, Aaron","607481","2024","208","133",0.291,0.235,0.055999999999999994,0.376,0.281,0.09499999999999997,0.313,0.258,0.05499999999999999,"3.61","2.69","0.923"
"King, John","667463","2024","208","167",0.277,0.259,0.018000000000000016,0.387,0.393,-0.006000000000000005,0.295,0.302,-0.007000000000000006,"3.10","3.73","-0.629"
"Hudson, Daniel","543339","2024","207","142",0.194,0.217,-0.022999999999999993,0.346,0.423,-0.07700000000000001,0.259,0.298,-0.03899999999999998,"2.58","3.62","-1.04"
"Suarez, Robert","663158","2024","207","147",0.205,0.21,-0.0050000000000000044,0.297,0.353,-0.055999999999999994,0.236,0.257,-0.02100000000000002,"2.04","2.66","-0.622"
"Estrada, Jeremiah","669093","2024","207","108",0.211,0.2,0.010999999999999982,0.314,0.307,0.007000000000000006,0.257,0.26,-0.0030000000000000027,"3.28","2.73","0.554"
"Webb, Jacob","657097","2024","207","129",0.188,0.218,-0.03,0.315,0.375,-0.06,0.268,0.302,-0.033999999999999975,"3.08","3.73","-0.649"
"Garrett, Reed","657585","2024","206","108",0.244,0.206,0.038000000000000006,0.386,0.323,0.063,0.326,0.289,0.03700000000000003,"3.83","3.39","0.44"
"Bernardino, Brennan","657514","2024","205","129",0.256,0.237,0.019000000000000017,0.398,0.384,0.014000000000000012,0.321,0.309,0.01200000000000001,"3.50","3.92","-0.424"
"Boyle, Joe","671212","2024","205","117",0.239,0.226,0.012999999999999984,0.362,0.348,0.014000000000000012,0.338,0.328,0.010000000000000009,"7.12","4.47","2.646"
"Díaz, Alexis","664747","2024","205","126",0.222,0.22,0.0020000000000000018,0.38,0.372,0.008000000000000007,0.324,0.32,0.0040000000000000036,"4.86","4.23","0.626"
"Foley, Jason","671345","2024","204","150",0.236,0.265,-0.029000000000000026,0.363,0.42,-0.056999999999999995,0.293,0.331,-0.038000000000000034,"3.17","4.56","-1.394"
"Soto, Gregory","642397","2024","204","118",0.274,0.246,0.028000000000000025,0.393,0.381,0.01200000000000001,0.345,0.334,0.010999999999999954,"5.02","4.65","0.373"
"Ferguson, Caleb","657571","2024","203","128",0.251,0.247,0.0040000000000000036,0.413,0.403,0.009999999999999953,0.326,0.322,0.0040000000000000036,"4.63","4.29","0.344"
"Lee, Dylan","669276","2024","203","130",0.219,0.2,0.01899999999999999,0.364,0.324,0.03999999999999998,0.271,0.248,0.02300000000000002,"1.94","2.48","-0.539"
"Kimbrel, Craig","518886","2024","203","106",0.183,0.207,-0.023999999999999994,0.331,0.371,-0.03999999999999998,0.286,0.309,-0.02300000000000002,"3.78","3.92","-0.144"
"Sandlin, Nick","680704","2024","201","118",0.202,0.216,-0.013999999999999985,0.411,0.408,0.0030000000000000027,0.31,0.319,-0.009000000000000008,"3.72","4.20","-0.476"
"Neris, Héctor","593576","2024","201","125",0.24,0.241,-0.0010000000000000009,0.386,0.417,-0.030999999999999972,0.319,0.331,-0.01200000000000001,"3.75","4.56","-0.815"
"Payamps, Joel","606303","2024","201","138",0.198,0.25,-0.05199999999999999,0.374,0.458,-0.08400000000000002,0.272,0.329,-0.056999999999999995,"3.62","4.50","-0.876"
"Mantiply, Joe","573009","2024","201","146",0.241,0.236,0.0050000000000000044,0.364,0.395,-0.031000000000000028,0.275,0.286,-0.010999999999999954,"3.47","3.32","0.146"
"Jackson, Luke","592426","2024","201","131",0.271,0.251,0.020000000000000018,0.435,0.419,0.016000000000000014,0.343,0.328,0.015000000000000013,"5.80","4.47","1.33"
"Priester, Quinn","682990","2024","201","155",0.283,0.279,0.003999999999999948,0.44,0.43,0.010000000000000009,0.335,0.331,0.0040000000000000036,"5.04","4.56","0.477"
"Alcala, Jorge","660896","2024","200","134",0.198,0.2,-0.0020000000000000018,0.356,0.342,0.013999999999999957,0.28,0.277,0.0030000000000000027,"3.33","3.11","0.219"
"Muñoz, Andrés","662253","2024","200","108",0.151,0.175,-0.023999999999999994,0.238,0.297,-0.059,0.23,0.265,-0.035,"1.76","2.84","-1.075"
"López, Jorge","605347","2024","199","136",0.233,0.224,0.009000000000000008,0.35,0.372,-0.02200000000000002,0.29,0.294,-0.0040000000000000036,"2.39","3.52","-1.132"
"Yates, Kirby","489446","2024","199","99",0.124,0.15,-0.025999999999999995,0.206,0.224,-0.018000000000000016,0.195,0.214,-0.01899999999999999,"1.40","1.86","-0.457"
"Miller, Shelby","571946","2024","199","139",0.199,0.216,-0.016999999999999987,0.365,0.377,-0.01200000000000001,0.266,0.288,-0.021999999999999964,"4.71","3.37","1.341"
"Johnson, Pierce","572955","2024","199","120",0.234,0.234,0,0.337,0.363,-0.025999999999999968,0.297,0.305,-0.008000000000000007,"3.47","3.81","-0.339"
"Miller, Bobby","676272","2024","199","136",0.295,0.291,0.0040000000000000036,0.54,0.525,0.015000000000000013,0.393,0.386,0.007000000000000006,"7.25","6.53","0.724"
"Sims, Lucas","608371","2024","199","124",0.232,0.234,-0.0020000000000000018,0.423,0.403,0.019999999999999962,0.333,0.327,0.006000000000000005,"4.57","4.44","0.126"
"Miller, Mason","695243","2024","198","93",0.147,0.14,0.0069999999999999785,0.226,0.214,0.01200000000000001,0.202,0.201,0.0010000000000000009,"2.08","1.65","0.427"
"Hancock, Emerson","676106","2024","198","152",0.258,0.3,-0.04199999999999998,0.444,0.5,-0.055999999999999994,0.331,0.376,-0.044999999999999984,"4.76","6.13","-1.365"
"Strahm, Matt","621381","2024","197","117",0.178,0.203,-0.025000000000000022,0.294,0.333,-0.039000000000000035,0.231,0.255,-0.023999999999999994,"2.09","2.62","-0.53"
"Scott, Christian","681035","2024","197","143",0.25,0.253,-0.0030000000000000027,0.433,0.453,-0.020000000000000018,0.318,0.327,-0.009000000000000008,"4.56","4.44","0.123"
"Kuhl, Chad","641771","2024","196","128",0.253,0.234,0.01899999999999999,0.406,0.379,0.027000000000000024,0.327,0.311,0.016000000000000014,"4.37","3.97","0.398"
"Dubin, Shawn","681869","2024","196","123",0.261,0.226,0.035,0.364,0.343,0.020999999999999963,0.325,0.315,0.010000000000000009,"4.15","4.09","0.064"
"Weems, Jordan","607179","2024","196","135",0.288,0.26,0.02799999999999997,0.482,0.441,0.04099999999999998,0.376,0.35,0.026000000000000023,"6.70","5.18","1.516"
"Iglesias, Raisel","628452","2024","196","133",0.137,0.197,-0.06,0.203,0.283,-0.07999999999999996,0.174,0.231,-0.05700000000000002,"1.33","2.16","-0.827"
"Knack, Landon","689017","2024","195","136",0.201,0.216,-0.014999999999999986,0.402,0.411,-0.008999999999999952,0.287,0.295,-0.008000000000000007,"3.00","3.55","-0.55"
"Bradford, Cody","674003","2024","194","141",0.207,0.231,-0.02400000000000002,0.348,0.421,-0.07300000000000001,0.256,0.295,-0.03899999999999998,"3.31","3.55","-0.244"
"Bender, Anthony","669622","2024","194","127",0.251,0.231,0.01999999999999999,0.371,0.354,0.017000000000000015,0.301,0.287,0.014000000000000012,"4.00","3.35","0.65"
"McFarland, T.J.","519008","2024","193","146",0.256,0.225,0.031,0.381,0.313,0.068,0.295,0.259,0.035999999999999976,"3.80","2.71","1.093"
"Keller, Brad","641745","2024","192","143",0.274,0.252,0.02200000000000002,0.491,0.458,0.032999999999999974,0.357,0.335,0.021999999999999964,"5.44","4.68","0.764"
"Latz, Jacob","656641","2024","192","124",0.241,0.242,-0.0010000000000000009,0.377,0.443,-0.066,0.318,0.344,-0.025999999999999968,"3.71","4.97","-1.26"
"Hernández, Jonathan","642546","2024","192","124",0.256,0.243,0.013000000000000012,0.431,0.412,0.019000000000000017,0.348,0.337,0.010999999999999954,"5.40","4.75","0.65"
"Adams, Austin","613534","2024","191","102",0.25,0.207,0.04300000000000001,0.408,0.316,0.09199999999999997,0.353,0.314,0.03899999999999998,"3.92","4.06","-0.141"
"Anderson, Justin","605121","2024","190","122",0.228,0.235,-0.0069999999999999785,0.358,0.435,-0.07700000000000001,0.31,0.338,-0.028000000000000025,"4.43","4.78","-0.35"
"Rainey, Tanner","663432","2024","190","130",0.256,0.249,0.007000000000000006,0.45,0.528,-0.07800000000000001,0.36,0.382,-0.02200000000000002,"5.63","6.37","-0.745"
"Thorpe, Drew","689672","2024","190","142",0.212,0.245,-0.033,0.424,0.442,-0.018000000000000016,0.314,0.335,-0.02100000000000002,"5.48","4.68","0.801"
"Miller, Tyson","668338","2024","188","131",0.177,0.212,-0.035,0.303,0.369,-0.066,0.235,0.274,-0.039000000000000035,"1.64","3.04","-1.398"
"Jansen, Kenley","445276","2024","188","118",0.201,0.221,-0.01999999999999999,0.32,0.386,-0.066,0.254,0.292,-0.03799999999999998,"2.85","3.47","-0.618"
"Pérez, Cionel","672335","2024","186","122",0.214,0.225,-0.01100000000000001,0.302,0.318,-0.016000000000000014,0.283,0.295,-0.01200000000000001,"3.74","3.55","0.188"
"Baz, Shane","669358","2024","186","132",0.246,0.251,-0.0050000000000000044,0.359,0.4,-0.041000000000000036,0.3,0.32,-0.020000000000000018,"3.48","4.23","-0.753"
"Wood, Alex","622072","2024","186","129",0.323,0.306,0.017000000000000015,0.519,0.495,0.02400000000000002,0.398,0.389,0.009000000000000008,"5.26","6.65","-1.387"
"Smith, Will","519293","2024","186","139",0.273,0.291,-0.01799999999999996,0.467,0.49,-0.022999999999999965,0.346,0.363,-0.017000000000000015,"6.53","5.64","0.892"
"Brito, Jhony","666745","2024","185","146",0.283,0.267,0.01599999999999996,0.387,0.414,-0.02699999999999997,0.307,0.312,-0.0050000000000000044,"4.12","4.00","0.122"
"Fairbanks, Pete","664126","2024","185","124",0.217,0.254,-0.037000000000000005,0.313,0.4,-0.08700000000000002,0.265,0.311,-0.045999999999999985,"3.57","3.97","-0.396"
"Schreiber, John","670167","2024","185","132",0.252,0.24,0.01200000000000001,0.337,0.32,0.017000000000000015,0.297,0.291,0.006000000000000005,"3.86","3.44","0.417"
"Holderman, Colin","670059","2024","185","115",0.236,0.229,0.0069999999999999785,0.401,0.414,-0.012999999999999956,0.318,0.33,-0.01200000000000001,"3.43","4.53","-1.101"
"Hoeing, Bryan","663773","2024","184","133",0.228,0.287,-0.05899999999999997,0.322,0.459,-0.137,0.266,0.343,-0.07700000000000001,"2.15","4.94","-2.788"
"Henry, Tommy","674072","2024","182","130",0.312,0.291,0.02100000000000002,0.586,0.521,0.06499999999999995,0.413,0.387,0.025999999999999968,"7.04","6.57","0.473"
"Medina, Luis","665622","2024","180","127",0.276,0.259,0.017000000000000015,0.417,0.41,0.007000000000000006,0.336,0.331,0.0050000000000000044,"5.17","4.56","0.615"
"Bellozo, Valente","678368","2024","180","131",0.253,0.261,-0.008000000000000007,0.5,0.544,-0.04400000000000004,0.349,0.372,-0.02300000000000002,"4.32","5.97","-1.65"
"Duran, Jhoan","661395","2024","180","115",0.23,0.205,0.025000000000000022,0.373,0.299,0.07400000000000001,0.29,0.257,0.032999999999999974,"3.77","2.66","1.107"
"Banda, Anthony","607455","2024","180","114",0.215,0.228,-0.013000000000000012,0.31,0.351,-0.04099999999999998,0.258,0.279,-0.02100000000000002,"2.06","3.15","-1.089"
"Phillips, Evan","623465","2024","179","111",0.229,0.218,0.01100000000000001,0.38,0.354,0.026000000000000023,0.291,0.276,0.014999999999999958,"3.30","3.08","0.218"
"Muller, Kyle","666205","2024","178","133",0.271,0.268,0.0030000000000000027,0.44,0.435,0.0050000000000000044,0.317,0.316,0.0010000000000000009,"4.22","4.11","0.109"
"Festa, David","701581","2024","178","114",0.236,0.252,-0.016000000000000014,0.467,0.425,0.04200000000000004,0.325,0.316,0.009000000000000008,"4.89","4.11","0.78"
"Grove, Michael","675627","2024","177","107",0.234,0.219,0.015000000000000013,0.351,0.334,0.01699999999999996,0.301,0.292,0.009000000000000008,"5.18","3.47","1.714"
"Pop, Zach","647315","2024","177","133",0.258,0.269,-0.01100000000000001,0.44,0.421,0.019000000000000017,0.323,0.323,0,"5.88","4.32","1.559"
"Vieira, Thyago","600986","2024","177","110",0.252,0.243,0.009000000000000008,0.469,0.453,0.01599999999999996,0.361,0.353,0.008000000000000007,"5.21","5.28","-0.069"
"Booser, Cam","592155","2024","177","122",0.242,0.224,0.017999999999999988,0.366,0.367,-0.0010000000000000009,0.285,0.281,0.003999999999999948,"3.00","3.20","-0.2"
"Slaten, Justin","686580","2024","176","119",0.215,0.221,-0.006000000000000005,0.294,0.321,-0.027000000000000024,0.246,0.269,-0.02300000000000002,"3.30","2.92","0.378"
"Thielbar, Caleb","573204","2024","174","112",0.268,0.247,0.02100000000000002,0.418,0.426,-0.008000000000000007,0.329,0.328,0.0010000000000000009,"5.87","4.47","1.4"
"Brazobán, Huascar","623211","2024","174","109",0.19,0.213,-0.022999999999999993,0.268,0.302,-0.033999999999999975,0.256,0.279,-0.02300000000000002,"3.67","3.15","0.522"
"Varland, Louie","686973","2024","174","127",0.312,0.297,0.015000000000000013,0.51,0.502,0.008000000000000007,0.377,0.372,0.0050000000000000044,"6.14","5.97","0.166"
"Ruiz, José","614179","2024","173","118",0.259,0.263,-0.0040000000000000036,0.424,0.431,-0.007000000000000006,0.312,0.319,-0.007000000000000006,"3.95","4.20","-0.249"
"Suarez, José","660761","2024","172","109",0.303,0.261,0.04199999999999998,0.566,0.427,0.13899999999999996,0.413,0.356,0.056999999999999995,"8.15","5.38","2.771"
"Estévez, Carlos","608032","2024","171","120",0.18,0.214,-0.034,0.292,0.39,-0.09800000000000003,0.218,0.27,-0.05200000000000002,"2.37","2.95","-0.585"
"Leahy, Kyle","681517","2024","168","132",0.218,0.267,-0.049000000000000016,0.346,0.451,-0.10500000000000004,0.265,0.328,-0.063,"3.74","4.47","-0.732"